--
-- PostgreSQL database dump
--

-- Dumped from database version 12.5 (Ubuntu 12.5-1.pgdg16.04+1)
-- Dumped by pg_dump version 13.0

-- Started on 2021-01-14 20:07:34

SET statement_timeout = 0;
SET lock_timeout = 0;
SET idle_in_transaction_session_timeout = 0;
SET client_encoding = 'UTF8';
SET standard_conforming_strings = on;
SELECT pg_catalog.set_config('search_path', '', false);
SET check_function_bodies = false;
SET xmloption = content;
SET client_min_messages = warning;
SET row_security = off;

--
-- TOC entry 3 (class 2615 OID 2200)
-- Name: public; Type: SCHEMA; Schema: -; Owner: icfjttdivtiins
--

CREATE SCHEMA public;


ALTER SCHEMA public OWNER TO icfjttdivtiins;

--
-- TOC entry 3911 (class 0 OID 0)
-- Dependencies: 3
-- Name: SCHEMA public; Type: COMMENT; Schema: -; Owner: icfjttdivtiins
--

COMMENT ON SCHEMA public IS 'standard public schema';


--
-- TOC entry 219 (class 1255 OID 11058015)
-- Name: reservation_add(); Type: FUNCTION; Schema: public; Owner: icfjttdivtiins
--

CREATE FUNCTION public.reservation_add() RETURNS trigger
    LANGUAGE plpgsql
    AS $$
	declare
	fslots int2;
	begin
		if new.days_in_week = '0000000' and (floor(extract(epoch from new.start_time - localtimestamp)/3600) < 6  or (floor(extract(epoch from new.end_time - new.start_time)/3600) > 24)) then 
			raise exception 'Jednokratna ezervacija mora početi barem 6 sati od rezerviranja i trajati maksimalno 24 sata';
		elseif new.days_in_week != '0000000' and abs(floor(extract(hour from new.end_time - new.start_time))) < 1 then
			raise exception 'Ponavljajuća rezervacija mora trajati barem 1h';
		end if;
	
		select free_slots into fslots from parking_object po 
		where po.object_uuid = new.object_uuid;
		
		if fslots <= 0 then
			raise exception 'Nema slobodnih mjesta!';
		end if;
		
		
		
		return new;
	END;
$$;


ALTER FUNCTION public.reservation_add() OWNER TO icfjttdivtiins;

--
-- TOC entry 213 (class 1255 OID 11004749)
-- Name: vehicle_delete(); Type: FUNCTION; Schema: public; Owner: icfjttdivtiins
--

CREATE FUNCTION public.vehicle_delete() RETURNS trigger
    LANGUAGE plpgsql
    AS $$
	declare 
	num int2;
	BEGIN
		select  count(registration_number) into num from vehicle v 
		where v.person_uuid = old.person_uuid
		group by v.person_uuid;
		
			
		if num = 1 then
			raise exception 'Morate imati barem jedno vozilo registrirano';
		end if;
		return old;
	END;
$$;


ALTER FUNCTION public.vehicle_delete() OWNER TO icfjttdivtiins;

SET default_tablespace = '';

SET default_table_access_method = heap;

--
-- TOC entry 205 (class 1259 OID 8393287)
-- Name: administrator; Type: TABLE; Schema: public; Owner: icfjttdivtiins
--

CREATE TABLE public.administrator (
    administrator_uuid character varying(32) NOT NULL
);


ALTER TABLE public.administrator OWNER TO icfjttdivtiins;

--
-- TOC entry 202 (class 1259 OID 8392162)
-- Name: app_user; Type: TABLE; Schema: public; Owner: icfjttdivtiins
--

CREATE TABLE public.app_user (
    email character varying(255) NOT NULL,
    password_hash character varying(60) NOT NULL,
    role character(1) NOT NULL,
    oib character varying(11),
    user_uuid character varying(32) NOT NULL,
    CONSTRAINT app_user_check_uuid CHECK (((user_uuid)::text ~ '^[a-f0-9]{32}$'::text)),
    CONSTRAINT app_user_email_check CHECK (((email)::text ~* '^[A-Z0-9._%+-]+@[A-Z0-9.-]+\.[A-Z]{2,}$'::text)),
    CONSTRAINT app_user_oib_and_role_check CHECK ((((((role)::text = 'p'::text) OR ((role)::text = 'c'::text)) AND ((oib)::text ~ '^[0-9]{11}$'::text)) OR (((role)::text = 'a'::text) AND (oib IS NULL))))
);


ALTER TABLE public.app_user OWNER TO icfjttdivtiins;

--
-- TOC entry 204 (class 1259 OID 8392192)
-- Name: company; Type: TABLE; Schema: public; Owner: icfjttdivtiins
--

CREATE TABLE public.company (
    name character varying(127) NOT NULL,
    headquarter_address character varying(127) NOT NULL,
    company_uuid character varying(32) NOT NULL
);


ALTER TABLE public.company OWNER TO icfjttdivtiins;

--
-- TOC entry 208 (class 1259 OID 9171221)
-- Name: parking_object; Type: TABLE; Schema: public; Owner: icfjttdivtiins
--

CREATE TABLE public.parking_object (
    object_uuid character varying(32) NOT NULL,
    company_uuid character varying(32) NOT NULL,
    "30_minute_price" smallint NOT NULL,
    address character varying(127) NOT NULL,
    object_name character varying(127) NOT NULL,
    capacity smallint NOT NULL,
    latitude numeric(8,6) NOT NULL,
    longitude numeric(9,6) NOT NULL,
    free_slots smallint NOT NULL,
    CONSTRAINT parking_object_check CHECK (((object_uuid)::text ~ '^[a-f0-9]{32}$'::text)),
    CONSTRAINT parking_object_check_free_slots CHECK ((free_slots >= 0)),
    CONSTRAINT parking_object_coordinates_check CHECK (((latitude >= 45.75) AND (latitude <= 45.85) AND (longitude >= 15.83) AND (longitude <= 16.14)))
);


ALTER TABLE public.parking_object OWNER TO icfjttdivtiins;

--
-- TOC entry 203 (class 1259 OID 8392177)
-- Name: person; Type: TABLE; Schema: public; Owner: icfjttdivtiins
--

CREATE TABLE public.person (
    first_name character varying(35) NOT NULL,
    last_name character varying(35) NOT NULL,
    credit_card_number character varying(16) NOT NULL,
    person_uuid character varying(32) NOT NULL,
    credit_card_expiration_date date NOT NULL,
    CONSTRAINT person_check_cc CHECK (((credit_card_number)::text ~ '^[0-9]{16}$'::text))
);


ALTER TABLE public.person OWNER TO icfjttdivtiins;

--
-- TOC entry 207 (class 1259 OID 9171207)
-- Name: reservation; Type: TABLE; Schema: public; Owner: icfjttdivtiins
--

CREATE TABLE public.reservation (
    person_uuid character varying(32) NOT NULL,
    object_uuid character varying(32) NOT NULL,
    days_in_week bit(7) NOT NULL,
    reservation_uuid character varying(32) NOT NULL,
    start_time timestamp(0) without time zone NOT NULL,
    end_time timestamp(0) without time zone NOT NULL,
    CONSTRAINT reservation_check CHECK ((((mod((abs((date_part('minutes'::text, end_time) - date_part('minutes'::text, start_time))))::integer, 30) = 0) AND (mod((date_part('minutes'::text, end_time))::integer, 30) = 0) AND (mod((date_part('minutes'::text, start_time))::integer, 30) = 0) AND (date_part('epoch'::text, (end_time - start_time)) > (0)::double precision)) OR ((days_in_week = '1111111'::"bit") AND ((start_time)::time without time zone = '00:00:00'::time without time zone) AND ((end_time)::time without time zone = '23:59:00'::time without time zone))))
);


ALTER TABLE public.reservation OWNER TO icfjttdivtiins;

--
-- TOC entry 206 (class 1259 OID 8393307)
-- Name: vehicle; Type: TABLE; Schema: public; Owner: icfjttdivtiins
--

CREATE TABLE public.vehicle (
    registration_number character varying(8) NOT NULL,
    person_uuid character varying(32) NOT NULL,
    CONSTRAINT vehicle_registration_number_check CHECK ((((registration_number)::text ~ '^[a-zA-Z\u0100-\u017F]{2}[0-9]{3,4}[a-zA-Z]{1,2}$'::text) OR ((registration_number)::text ~ '^[0-9]{6}$'::text)))
);


ALTER TABLE public.vehicle OWNER TO icfjttdivtiins;

--
-- TOC entry 3902 (class 0 OID 8393287)
-- Dependencies: 205
-- Data for Name: administrator; Type: TABLE DATA; Schema: public; Owner: icfjttdivtiins
--

COPY public.administrator (administrator_uuid) FROM stdin;
aaaaaaaaaaaaaaaaaaaad3db02718feb
aaaaaaaaaaaaaa111111111111111111
\.


--
-- TOC entry 3899 (class 0 OID 8392162)
-- Dependencies: 202
-- Data for Name: app_user; Type: TABLE DATA; Schema: public; Owner: icfjttdivtiins
--

COPY public.app_user (email, password_hash, role, oib, user_uuid) FROM stdin;
tvrtka1@gmail.com	$2a$10$7hvXL5Fthune5/xxsgwUIuoKqrEJTWlSCFX4BxqGlcdPDGalXaci.	c	00000000000	5a3aede429154305adf0f240addb856f
tvrtka2@gmail.com	$2a$10$t4SOyX014sluGKAARJMrPe80qE3t7fXtK2vEkbgmEKK3HiIXSSsOa	c	00000000001	34852bf73c354e6b8c3337f9928e26d8
tvrtka3@gmail.com	$2a$10$W1i1CIoHS4ore2ALhCav2e94vwLDa55PjMLMwFUxsGwKOIJlG5uim	c	00000000002	fb87c948210f4a7fad4eca1cb349d979
tvrtka4@gmail.com	$2a$10$C1S2xCFAHMFjJ4EJutp20ewUiiTKc98Y3ZD4oRhNy15GhCldx32TK	c	00000000003	a76d10feccf74fe09897e8092fd246fb
tvrtka6@gmail.com	$2a$10$NJeQqtXC92xP9fOCOyEKqu2FwgG0Ad0QyD/hM9JJxKjDpmasnYdXq	c	00000000005	65a1ea4040de4b6d90e2e0c7344fb5b6
ana.anic@gmail.com	$2a$10$0uKzJ3qiU2zrAb1WAozVl.qhho4FJMrhqJqSAe.h6gLHQPPo4Bzl2	p	00000000007	544df2da00a64823a694d1a0e3a37dd1
luka.lukic@gmail.com	$2a$10$nHC8hj6KfGK29TWpJXMVFuA04S5ogPaPi9Zpxjz8TAXE51lzpcXrG	p	00000000008	35067e78f6c64586b2ee37d04ac5b0b3
petra.petric@gmail.com	$2a$10$TCVObr6bZztn1r4przsy0O6C2v2QWie/Enoitw8aiIBKBy7xb4z0a	p	00000000009	66596491aa40439f8d9e4de3b78167df
karlo.karlic@gmail.com	$2a$10$tdBjr6l9fmZ4hJR61Z/5Huw0/l/k96weuaH64gIW02ZAuz48B.KPy	p	00000000010	8acc4d9a7b43434c970c4fc3a34d18af
ime.prezime@fer.hr	$2a$10$8acPe0BQRisFZQBk7O3IN.kH3LrBDZeg31WOrSQHAWR0hyJQqXGCK	p	12345678998	9e3015acf41e43318c712811789f4608
nekiMail@mail.com	$2a$10$sV/g7lT8dSx08.Inm/0e3OiTwsQnwZL2dIOKO.2zB47VV344YY0uq	c	01234567891	badf45d90c074311bc8d8a9997789a82
abcd@gmail.com	$2a$10$XxtpJQ/FxpvdHEvLiHLcm./uPIvT6.07QoElKipdYQi6LNMxP7PQq	p	22211133369	fbc657671dee42789cc24aef9801f2f5
admin@gmail.com	$2y$10$WSHjN/SsEanz1V4yVLytuOxT1hKOzRUzGLgLRVrsjBt8GxjGw3vcS	a	\N	aaaaaaaaaaaaaaaaaaaad3db02718feb
test_fhdhdfffDffffj@gmail.com	$2a$10$GbJjq4IcPXNf/EQpxFWUPulhvcACEvf809HR5AfINEVXE63BD/5xe	p	56431254684	929b6d082d284741b34ec405557b6165
ivo.ivic@gmail.com	$2y$10$SD4ywk71sx7KWM3ra9l9tevaWRsyIbhEbXqpf240i9tp51WxNPSTC	p	00000000006	dd0cc2ac37134a0fa463421c587ddcfe
teeeeest222@fmail.com	$2a$10$j3dH/NrgLgK8ibITkIwEted/1nBkQcs1/Vpkp/yDinGEqsD/aiu/W	p	27384413678	5ed2a2c9262c4659978c7f253139ca99
testOOO@gmail.com	$2a$10$AIFniZNHSaG1gFYXNo11TeW9xSjJ26xeCYg48TTbhGSBfNX5eV/pW	p	23222222200	15d26a3b7b6e4836ba57f73ca87320fc
onemillion@mil.hr	$2a$10$Ale.sy6Cx3DBn/BbCfIAh.QSXkPJ0Tlo4IIwcp.UXDdWptUp69Y.G	c	25896321478	16c589db51a44fbd9bf7d3db02718feb
tvrtka64@hotmail.com	$2a$10$IuZH1CNxj2LEI5ba/eWA7e5Zj6n2ryU0ru6Lb/ObBb8OzazditD.W	c	99999999999	d2e26bb34c8a48b386c81dd9e80a13f5
tvrtka7@gmail.com	$2a$10$jowaWVCK1N7Lj5WmlQn7iulOwh0KXjVuCull2xv81k/P8Z6PJTao.	c	00000000011	5d2d1f279569443ca627cc0f3320f22f
person1@gmail.com	$2a$10$3OFve4BDFbD1lzmaWgws9OZ8LjFPxaeXe2U5HcuE3UPw2.CwoipAi	p	00000000100	24885c35ebcf44f4ab6f2c8729805bcb
tvrtka5@gmail.com	$2y$10$166GXRc8FC9/g4zK5AO6wuoViyFUCnaxbQa3NYlLj4E9JR86kSEGC	c	25874125896	e66a3e7ed3284c3f8f946edf4033ea99
admin2@gmail.com	$2y$10$WSHjN/SsEanz1V4yVLytuOxT1hKOzRUzGLgLRVrsjBt8GxjGw3vcS	a	\N	aaaaaaaaaaaaaa111111111111111111
test392i5n@g.com	$2a$10$ECM8rCpgT3jmUwfNOBenUOqBWyPY40ufwGN3dClnyqQm3R9.GRLfC	c	23468097451	535c50949bd44f3a9a6970fcb3fb9698
testko.testov@gmail.com	$2a$10$ACwVkg3LWXChHEVdVjoo/O2OZhJBtb1LMy0dFQBnVMgyt69.zLVeS	p	00000123456	63d8f6a7387f4a698ea9bd4be970b703
tvrtkaTest4949@gmail.com	$2a$10$X3aGln4IsKld0EopGwur3uSpoXlE.3/jJrOqghowAKVOUxRRk3rAm	c	23097864512	a4d37c43b6be48c786338ff9917facf6
ivicaivica@ivica.hr	$2a$10$7u8YvcobDsAhychieFZ5geGqFcT1a5vphq1yzOLpLgwKpYFy3e.IS	p	14785236985	080073e052d044c2aa0f2a9aa0af6e18
\.


--
-- TOC entry 3901 (class 0 OID 8392192)
-- Dependencies: 204
-- Data for Name: company; Type: TABLE DATA; Schema: public; Owner: icfjttdivtiins
--

COPY public.company (name, headquarter_address, company_uuid) FROM stdin;
Tvrtka9	neka ulica 9	5d2d1f279569443ca627cc0f3320f22f
tvrtka2	Slatka ulica 2	34852bf73c354e6b8c3337f9928e26d8
tvrtka3	Gornja ulica 24	fb87c948210f4a7fad4eca1cb349d979
tvrtka4	Suha ulica 32	a76d10feccf74fe09897e8092fd246fb
tvrtka6	Ozbilja ulica 17	65a1ea4040de4b6d90e2e0c7344fb5b6
imeTvrtke	Bijela ulica 29	badf45d90c074311bc8d8a9997789a82
ime2	adresa3	5a3aede429154305adf0f240addb856f
imeee2	adresa2	535c50949bd44f3a9a6970fcb3fb9698
one million	one trillion 1	16c589db51a44fbd9bf7d3db02718feb
rudidi	dndjkd	a4d37c43b6be48c786338ff9917facf6
Nnnngh	Fhghfg 5	d2e26bb34c8a48b386c81dd9e80a13f5
Tvrtka 199	Nee Znam	e66a3e7ed3284c3f8f946edf4033ea99
\.


--
-- TOC entry 3905 (class 0 OID 9171221)
-- Dependencies: 208
-- Data for Name: parking_object; Type: TABLE DATA; Schema: public; Owner: icfjttdivtiins
--

COPY public.parking_object (object_uuid, company_uuid, "30_minute_price", address, object_name, capacity, latitude, longitude, free_slots) FROM stdin;
82bf84edcb614b549d4cd7efdd4d7f51	5a3aede429154305adf0f240addb856f	220	Remetinec ulica 32	Parkiralište EEE	25	45.765345	15.936959	2
1f3c11d061a2484eab748f5e88d7aa4b	a76d10feccf74fe09897e8092fd246fb	500	Tišinska ulica 55	OZN parking	55	45.764941	16.016820	6
53388f3866c64db5865ae778d35d5507	34852bf73c354e6b8c3337f9928e26d8	500	Culinečka cesta 42	Haha Parking	60	45.824744	16.063500	7
49b6956075fd4a0bb1e99a952c514c25	16c589db51a44fbd9bf7d3db02718feb	68	Ilica 1	Novi Parkin 68	147	45.812778	15.927225	17
2640b3c542164f52be8073c1efa59885	16c589db51a44fbd9bf7d3db02718feb	58	Ilica 5	Novi Parkin	125	45.812961	16.046785	84
13637517bff842b4b622680197701aa1	65a1ea4040de4b6d90e2e0c7344fb5b6	250	Prisaljve ulica 14	FR garaža	55	45.790768	15.968920	40
c4b5cc01c43e423d9e0d7d9c7cbf218d	65a1ea4040de4b6d90e2e0c7344fb5b6	400	Avenija Većeslava Holjevca 22	ZU garaža	100	45.772976	15.979486	30
f5d10093a1bc42aaa572866f53c8f015	34852bf73c354e6b8c3337f9928e26d8	300	Ulica Zvonimira Ljevakovića 2	PPParking	100	45.837382	16.057637	19
01b0f9b796294181b2d4e6fab67b6330	16c589db51a44fbd9bf7d3db02718feb	50	Ilica 6	Yet Another Parking	100	45.813122	16.139978	24
0daf05c1e5c2454ab92e1e66426944f8	65a1ea4040de4b6d90e2e0c7344fb5b6	450	Biokovska ulica 53	NN parkiralište	44	45.803994	15.925674	19
f09aec7ab42d449286097ab358e4c82d	fb87c948210f4a7fad4eca1cb349d979	650	Avenija Dubrovnik 13	Helo parking	200	45.777670	15.967967	142
4e66448df6ce45579d5328a179739d17	fb87c948210f4a7fad4eca1cb349d979	350	Šubićeva ulica 23	IF garaža	80	45.810904	15.993547	23
3277984aaf834582a1a07f6ffc0bcc48	65a1ea4040de4b6d90e2e0c7344fb5b6	300	Ulica Kneza Branimira 183	EK parkiralište	30	45.823069	16.073038	21
39e311af006a4e76a72a6c3a28d2293f	535c50949bd44f3a9a6970fcb3fb9698	200	Ilica 45	jjsjss	20	45.813150	15.968830	5
bd59b1f317204cca9d4bab4904b2bcd5	5a3aede429154305adf0f240addb856f	22	Ilica 22	Parkiraliste Aaa	22	45.813318	15.972885	5
6cd6ec6fb7a947579496679d62045032	fb87c948210f4a7fad4eca1cb349d979	400	Ulica Alexandera von Humboldta 10	Žnj parkiralište	77	45.796955	15.969854	13
7f4a90e4cd4c4e26be0d6354cbe57908	65a1ea4040de4b6d90e2e0c7344fb5b6	250	Baštijanova ulica 7	Friparking	30	45.801114	15.940088	3
c5357362b2ba48be8c111dd7f5cf2f91	16c589db51a44fbd9bf7d3db02718feb	58	Ilica 11	Novi Novi	362	45.813046	15.971503	26
aba49d54ebd141fe99e4ef894cf0affb	34852bf73c354e6b8c3337f9928e26d8	550	Kačićeva ulica 14	123 Parking	22	45.810328	15.961720	2
8834cafa0b904865942a5dea137fa899	65a1ea4040de4b6d90e2e0c7344fb5b6	300	Mikulići 186	Parking abc	23	45.850000	15.932399	10
1ff07001acf64f07a6c29a66f687cd68	fb87c948210f4a7fad4eca1cb349d979	250	Korčulanska ulica 3E	Garaža oj	48	45.800214	16.001108	3
\.


--
-- TOC entry 3900 (class 0 OID 8392177)
-- Dependencies: 203
-- Data for Name: person; Type: TABLE DATA; Schema: public; Owner: icfjttdivtiins
--

COPY public.person (first_name, last_name, credit_card_number, person_uuid, credit_card_expiration_date) FROM stdin;
Fran	Franić	1111222233334444	24885c35ebcf44f4ab6f2c8729805bcb	2024-07-01
Karlo	Karlić	3320443205834538	8acc4d9a7b43434c970c4fc3a34d18af	2021-12-01
testOOO	OOO	2389078456235145	15d26a3b7b6e4836ba57f73ca87320fc	2022-08-01
Ivica	Ivić	1111222233334444	dd0cc2ac37134a0fa463421c587ddcfe	2025-01-01
test4444429	teste73782	5316521345689745	929b6d082d284741b34ec405557b6165	2022-02-01
Ana	Anić	0011001122223333	544df2da00a64823a694d1a0e3a37dd1	2021-07-14
Luka	Lukić	2222222222222222	35067e78f6c64586b2ee37d04ac5b0b3	2021-01-06
Petra	Petrić	9090909090909090	66596491aa40439f8d9e4de3b78167df	2022-06-22
Ivica	Ivica	0725748965874512	080073e052d044c2aa0f2a9aa0af6e18	2025-07-01
Marko	Markić	1231231231235555	fbc657671dee42789cc24aef9801f2f5	2021-10-10
Ime	Prezime	1234567897777777	9e3015acf41e43318c712811789f4608	2023-02-15
Testko	Testov	1234567887654321	63d8f6a7387f4a698ea9bd4be970b703	2023-08-01
test213132123	test_21332132	2844556600223456	5ed2a2c9262c4659978c7f253139ca99	2021-02-01
\.


--
-- TOC entry 3904 (class 0 OID 9171207)
-- Dependencies: 207
-- Data for Name: reservation; Type: TABLE DATA; Schema: public; Owner: icfjttdivtiins
--

COPY public.reservation (person_uuid, object_uuid, days_in_week, reservation_uuid, start_time, end_time) FROM stdin;
080073e052d044c2aa0f2a9aa0af6e18	2640b3c542164f52be8073c1efa59885	0000000	e47c3768b9944aa7a62b87428d82ce8a	2021-09-27 05:00:00	2021-09-27 19:00:00
24885c35ebcf44f4ab6f2c8729805bcb	2640b3c542164f52be8073c1efa59885	0000000	2aeef814c57f4d61ad5cabbdc32c6224	2021-07-03 03:30:00	2021-07-03 13:30:00
63d8f6a7387f4a698ea9bd4be970b703	2640b3c542164f52be8073c1efa59885	0000000	6fe0a9f5055a40e9927329997e9ecef5	2021-11-18 06:30:00	2021-11-18 17:30:00
929b6d082d284741b34ec405557b6165	13637517bff842b4b622680197701aa1	0000000	b797d91748894c1892fd7efa5d24afdc	2021-10-16 05:00:00	2021-10-16 14:00:00
fbc657671dee42789cc24aef9801f2f5	13637517bff842b4b622680197701aa1	0000000	f4e85fb652b64e4b8cc98d79cb59009e	2021-09-05 05:30:00	2021-09-05 16:30:00
66596491aa40439f8d9e4de3b78167df	13637517bff842b4b622680197701aa1	0000000	b92ffb675c4f4e35a1a11c5ff5ccd66e	2021-12-12 03:00:00	2021-12-12 12:30:00
5ed2a2c9262c4659978c7f253139ca99	13637517bff842b4b622680197701aa1	0000000	d9c10929a63d4b44854ad7a17b3abac2	2021-08-08 00:00:00	2021-08-08 11:30:00
dd0cc2ac37134a0fa463421c587ddcfe	13637517bff842b4b622680197701aa1	0000000	64119b1ab0c048ce8c048e78ae9f7aed	2021-08-14 03:30:00	2021-08-14 13:30:00
35067e78f6c64586b2ee37d04ac5b0b3	c4b5cc01c43e423d9e0d7d9c7cbf218d	0000000	ea37b83e4a3a4bdfbf0b8610fa961595	2021-12-11 05:00:00	2021-12-11 12:00:00
63d8f6a7387f4a698ea9bd4be970b703	c4b5cc01c43e423d9e0d7d9c7cbf218d	0000000	884befb2724045e6a90c3a3f1af0521b	2021-12-12 07:30:00	2021-12-12 20:30:00
24885c35ebcf44f4ab6f2c8729805bcb	c4b5cc01c43e423d9e0d7d9c7cbf218d	0000000	9e936f92f3af4f58aef0d2b84b020f60	2021-10-07 08:00:00	2021-10-07 12:00:00
dd0cc2ac37134a0fa463421c587ddcfe	c4b5cc01c43e423d9e0d7d9c7cbf218d	0000000	e5b172b738304223a5cc05cc3718d996	2021-07-23 02:30:00	2021-07-23 12:00:00
929b6d082d284741b34ec405557b6165	82bf84edcb614b549d4cd7efdd4d7f51	0000000	8e6e48c7241b4e4ca82dfb8a43c6596c	2021-10-14 02:00:00	2021-10-14 14:00:00
544df2da00a64823a694d1a0e3a37dd1	82bf84edcb614b549d4cd7efdd4d7f51	0000000	55e041344e6048dcb260e254d5f336d0	2021-11-01 03:00:00	2021-11-01 14:00:00
66596491aa40439f8d9e4de3b78167df	82bf84edcb614b549d4cd7efdd4d7f51	0000000	ff064076f87c44bd8703db3d06326103	2021-11-17 01:30:00	2021-11-17 18:30:00
35067e78f6c64586b2ee37d04ac5b0b3	01b0f9b796294181b2d4e6fab67b6330	0000000	ab590c40c3d14b46bbff5d959439852e	2021-10-23 02:30:00	2021-10-23 19:30:00
15d26a3b7b6e4836ba57f73ca87320fc	01b0f9b796294181b2d4e6fab67b6330	0000000	90e522d7701f4daea8442d693b6e5a9b	2021-08-07 07:30:00	2021-08-07 11:00:00
929b6d082d284741b34ec405557b6165	01b0f9b796294181b2d4e6fab67b6330	0000000	803dcf9cde6d49558019d492d2ca78c2	2021-10-11 08:00:00	2021-10-11 13:00:00
24885c35ebcf44f4ab6f2c8729805bcb	01b0f9b796294181b2d4e6fab67b6330	0000000	1c9641ee389049de892cd245302d10fa	2021-12-12 07:30:00	2021-12-12 12:00:00
544df2da00a64823a694d1a0e3a37dd1	1f3c11d061a2484eab748f5e88d7aa4b	0000000	de8736917d024a789d4974c6e484e5cf	2021-12-10 06:00:00	2021-12-10 14:00:00
66596491aa40439f8d9e4de3b78167df	1f3c11d061a2484eab748f5e88d7aa4b	0000000	e5a580303fbd4a50899821ae6603a1c2	2021-12-02 06:30:00	2021-12-02 16:30:00
9e3015acf41e43318c712811789f4608	1f3c11d061a2484eab748f5e88d7aa4b	0000000	a2815d44f417405ca0dfe7b04e0a6d53	2021-08-21 04:00:00	2021-08-21 19:00:00
5ed2a2c9262c4659978c7f253139ca99	1f3c11d061a2484eab748f5e88d7aa4b	0000000	92a86c87aed947459ef9f620f6810eb8	2021-12-05 06:30:00	2021-12-05 18:30:00
9e3015acf41e43318c712811789f4608	53388f3866c64db5865ae778d35d5507	0000000	076f9a9ced6b4222b4247f97371f287c	2021-10-23 08:30:00	2021-10-23 15:30:00
929b6d082d284741b34ec405557b6165	53388f3866c64db5865ae778d35d5507	0000000	85f95ccc20ed48189e17451345e988d4	2021-10-19 05:30:00	2021-10-19 17:30:00
35067e78f6c64586b2ee37d04ac5b0b3	53388f3866c64db5865ae778d35d5507	0000000	d5196b704670451a92063dd5b81b6af1	2021-11-16 06:30:00	2021-11-16 12:30:00
080073e052d044c2aa0f2a9aa0af6e18	53388f3866c64db5865ae778d35d5507	0000000	7360b31c85bd41eb85a3809f482bced3	2021-11-18 02:00:00	2021-11-18 11:30:00
5ed2a2c9262c4659978c7f253139ca99	f5d10093a1bc42aaa572866f53c8f015	0000000	8ebc5969ff31451bbcdc8346af405ac7	2021-10-06 04:00:00	2021-10-06 16:00:00
544df2da00a64823a694d1a0e3a37dd1	f5d10093a1bc42aaa572866f53c8f015	0000000	36f829701ba74cfabfc3dab1f12cac5e	2021-09-08 02:00:00	2021-09-08 18:30:00
080073e052d044c2aa0f2a9aa0af6e18	f5d10093a1bc42aaa572866f53c8f015	0000000	06b0b8fca61b417f95f67d875e918905	2021-12-06 08:30:00	2021-12-06 12:30:00
24885c35ebcf44f4ab6f2c8729805bcb	f5d10093a1bc42aaa572866f53c8f015	0000000	51f97afabd274e2eab457108302b8468	2021-09-02 06:00:00	2021-09-02 11:00:00
24885c35ebcf44f4ab6f2c8729805bcb	49b6956075fd4a0bb1e99a952c514c25	0000000	cee1112b51744a6d95cffb613f353acf	2021-07-02 07:30:00	2021-07-02 20:30:00
929b6d082d284741b34ec405557b6165	49b6956075fd4a0bb1e99a952c514c25	0000000	56e53464c5584e7ca732038cd7884f03	2021-11-01 00:00:00	2021-11-01 18:30:00
35067e78f6c64586b2ee37d04ac5b0b3	49b6956075fd4a0bb1e99a952c514c25	0000000	a7c9f2cbae9140fe910378f75618eab2	2021-10-17 08:30:00	2021-10-17 14:00:00
63d8f6a7387f4a698ea9bd4be970b703	49b6956075fd4a0bb1e99a952c514c25	0000000	151189a22b884e13890b28da2d5da67a	2021-12-14 03:30:00	2021-12-14 15:30:00
8acc4d9a7b43434c970c4fc3a34d18af	49b6956075fd4a0bb1e99a952c514c25	0000000	4594d58a2540470682dbbcfc993652c8	2021-10-18 07:00:00	2021-10-18 20:00:00
544df2da00a64823a694d1a0e3a37dd1	3277984aaf834582a1a07f6ffc0bcc48	0000000	1246c7c20d63478aace458f430d98845	2021-10-09 09:00:00	2021-10-09 20:00:00
929b6d082d284741b34ec405557b6165	3277984aaf834582a1a07f6ffc0bcc48	0000000	9c3ac5ee5b434debb46f806184093384	2021-08-10 00:00:00	2021-08-10 19:30:00
15d26a3b7b6e4836ba57f73ca87320fc	3277984aaf834582a1a07f6ffc0bcc48	0000000	e840913e2847423188edfe13fe3d500c	2021-09-16 06:00:00	2021-09-16 14:00:00
5ed2a2c9262c4659978c7f253139ca99	3277984aaf834582a1a07f6ffc0bcc48	0000000	ef1325f0df444995883376026143aeaa	2021-10-23 05:00:00	2021-10-23 20:00:00
fbc657671dee42789cc24aef9801f2f5	f09aec7ab42d449286097ab358e4c82d	0000000	a584fb1d206a4e93a631f8217fbc6155	2021-07-17 07:00:00	2021-07-17 12:00:00
080073e052d044c2aa0f2a9aa0af6e18	f09aec7ab42d449286097ab358e4c82d	0000000	11ec5b368f014b849df78a5cd98aad9c	2021-07-13 02:00:00	2021-07-13 13:00:00
66596491aa40439f8d9e4de3b78167df	f09aec7ab42d449286097ab358e4c82d	0000000	434ad80604c74e2885a29b748a1dd432	2021-10-21 01:30:00	2021-10-21 13:30:00
dd0cc2ac37134a0fa463421c587ddcfe	f09aec7ab42d449286097ab358e4c82d	0000000	e6fd364ebcf645c4955a7d6bb65db869	2021-11-19 05:30:00	2021-11-19 20:30:00
5ed2a2c9262c4659978c7f253139ca99	4e66448df6ce45579d5328a179739d17	0000000	707a05da3ee242c0b1b0f9937ea59a55	2021-10-21 09:30:00	2021-10-21 14:30:00
66596491aa40439f8d9e4de3b78167df	4e66448df6ce45579d5328a179739d17	0000000	e8b291777a4742ceb2f512d5dc0fbc6c	2021-09-14 05:30:00	2021-09-14 20:30:00
15d26a3b7b6e4836ba57f73ca87320fc	4e66448df6ce45579d5328a179739d17	0000000	206bfa6d90b6448e8114500476b54c0d	2021-10-26 05:00:00	2021-10-26 16:30:00
929b6d082d284741b34ec405557b6165	0daf05c1e5c2454ab92e1e66426944f8	0000000	76e841c4e190429a8aaaf4e177a387d7	2021-07-28 05:00:00	2021-07-28 19:30:00
15d26a3b7b6e4836ba57f73ca87320fc	0daf05c1e5c2454ab92e1e66426944f8	0000000	4ba89e1e9f0643ee84711f22dd53c99a	2021-10-19 07:30:00	2021-10-19 14:30:00
9e3015acf41e43318c712811789f4608	0daf05c1e5c2454ab92e1e66426944f8	0000000	8990bab8772e44d4b7cbd00fd230c44e	2021-09-18 00:30:00	2021-09-18 19:00:00
080073e052d044c2aa0f2a9aa0af6e18	0daf05c1e5c2454ab92e1e66426944f8	0000000	f55ec6dba4f64005abc06cba32e44809	2021-11-14 09:00:00	2021-11-14 13:00:00
dd0cc2ac37134a0fa463421c587ddcfe	0daf05c1e5c2454ab92e1e66426944f8	0000000	f786f800a2434d59a864bcfaf00bcf46	2021-12-05 00:00:00	2021-12-05 12:00:00
63d8f6a7387f4a698ea9bd4be970b703	7f4a90e4cd4c4e26be0d6354cbe57908	0000000	e1df297e193a41d2b0bc9122dfc34279	2021-10-24 06:00:00	2021-10-24 11:00:00
24885c35ebcf44f4ab6f2c8729805bcb	7f4a90e4cd4c4e26be0d6354cbe57908	0000000	6e3231eb54a54aa5b5cb1cb35ae9c78c	2021-11-13 05:00:00	2021-11-13 11:30:00
fbc657671dee42789cc24aef9801f2f5	7f4a90e4cd4c4e26be0d6354cbe57908	0000000	44ecd464373d4456b4cfb6fb480332b0	2021-09-25 07:00:00	2021-09-25 20:00:00
15d26a3b7b6e4836ba57f73ca87320fc	39e311af006a4e76a72a6c3a28d2293f	0000000	c2bd6c003a1648789f2f10d073df6b74	2021-11-18 03:00:00	2021-11-18 11:30:00
fbc657671dee42789cc24aef9801f2f5	39e311af006a4e76a72a6c3a28d2293f	0000000	8cb3ec48fa274f1e9116ab91a74963c1	2021-08-21 05:30:00	2021-08-21 13:00:00
24885c35ebcf44f4ab6f2c8729805bcb	39e311af006a4e76a72a6c3a28d2293f	0000000	3c6f7428350c4c79b361d2a599bb98f7	2021-09-03 09:30:00	2021-09-03 18:00:00
5ed2a2c9262c4659978c7f253139ca99	39e311af006a4e76a72a6c3a28d2293f	0000000	8e86aff61d5a42f1985afb68af8f8892	2021-08-06 03:00:00	2021-08-06 13:30:00
dd0cc2ac37134a0fa463421c587ddcfe	6cd6ec6fb7a947579496679d62045032	0000000	3ebb3d7a82704fd9943e22c9996846e0	2021-10-07 08:30:00	2021-10-07 19:30:00
5ed2a2c9262c4659978c7f253139ca99	6cd6ec6fb7a947579496679d62045032	0000000	8629471066474c58bb7259179a90de68	2021-09-12 06:00:00	2021-09-12 16:30:00
66596491aa40439f8d9e4de3b78167df	6cd6ec6fb7a947579496679d62045032	0000000	8952f804ab4c4988b3a29e0332f7b76c	2021-12-12 01:00:00	2021-12-12 18:00:00
fbc657671dee42789cc24aef9801f2f5	6cd6ec6fb7a947579496679d62045032	0000000	b3172ca617fa436bb1330b063a6418b6	2021-08-13 01:00:00	2021-08-13 12:30:00
544df2da00a64823a694d1a0e3a37dd1	bd59b1f317204cca9d4bab4904b2bcd5	0000000	e693309c658b4f2ba8ab402d5fba543b	2021-08-06 09:30:00	2021-08-06 16:30:00
63d8f6a7387f4a698ea9bd4be970b703	bd59b1f317204cca9d4bab4904b2bcd5	0000000	42b2485f5e6d4b7296d207f8559782e2	2021-08-11 07:30:00	2021-08-11 13:00:00
dd0cc2ac37134a0fa463421c587ddcfe	bd59b1f317204cca9d4bab4904b2bcd5	0000000	27a14cf067c14f038dde87d1d02869f3	2021-09-27 07:00:00	2021-09-27 18:30:00
8acc4d9a7b43434c970c4fc3a34d18af	c5357362b2ba48be8c111dd7f5cf2f91	0000000	5735dcd5e784429eb742898bb9dd316e	2021-07-22 07:30:00	2021-07-22 17:00:00
dd0cc2ac37134a0fa463421c587ddcfe	c5357362b2ba48be8c111dd7f5cf2f91	0000000	231384bc6fbd4802b33a616e49db9f56	2021-07-05 08:00:00	2021-07-05 14:00:00
24885c35ebcf44f4ab6f2c8729805bcb	c5357362b2ba48be8c111dd7f5cf2f91	0000000	f6b48adc11394ac29143aedbab8ab963	2021-10-16 06:00:00	2021-10-16 17:00:00
63d8f6a7387f4a698ea9bd4be970b703	aba49d54ebd141fe99e4ef894cf0affb	0000000	747b40a0a9444ca1a311325f33c350cd	2021-08-03 09:30:00	2021-08-03 14:30:00
544df2da00a64823a694d1a0e3a37dd1	aba49d54ebd141fe99e4ef894cf0affb	0000000	884e19eaef234674988e268c28e33446	2021-09-28 05:00:00	2021-09-28 17:30:00
929b6d082d284741b34ec405557b6165	aba49d54ebd141fe99e4ef894cf0affb	0000000	e1b935709ad44287955d480d0d0c36f0	2021-07-19 06:00:00	2021-07-19 13:00:00
24885c35ebcf44f4ab6f2c8729805bcb	1ff07001acf64f07a6c29a66f687cd68	0000000	5cf63f3f02ee4462b0944f9cd5557989	2021-10-08 07:00:00	2021-10-08 17:30:00
929b6d082d284741b34ec405557b6165	1ff07001acf64f07a6c29a66f687cd68	0000000	5de9fa61c43a456281c81e6975677d6d	2021-10-01 06:00:00	2021-10-01 11:30:00
8acc4d9a7b43434c970c4fc3a34d18af	1ff07001acf64f07a6c29a66f687cd68	0000000	6fa549f01e0548e694a1603c23729087	2021-10-19 08:00:00	2021-10-19 19:00:00
63d8f6a7387f4a698ea9bd4be970b703	1ff07001acf64f07a6c29a66f687cd68	0000000	b9af39b8a1444a4da2606cac8b65fc37	2021-08-07 07:30:00	2021-08-07 16:00:00
9e3015acf41e43318c712811789f4608	1ff07001acf64f07a6c29a66f687cd68	0000000	cf7819ea54a741a69cb266f8ff5dc67b	2021-10-05 05:00:00	2021-10-05 13:00:00
66596491aa40439f8d9e4de3b78167df	8834cafa0b904865942a5dea137fa899	0000000	9850455955994360b313b32174a23032	2021-10-09 05:30:00	2021-10-09 16:30:00
dd0cc2ac37134a0fa463421c587ddcfe	8834cafa0b904865942a5dea137fa899	0000000	d6ad63ddb8274df3a5a2bf6efaa786f4	2021-12-15 03:00:00	2021-12-15 13:30:00
544df2da00a64823a694d1a0e3a37dd1	8834cafa0b904865942a5dea137fa899	0000000	12381d897e2643849e9cb63cb6944ee4	2021-07-11 08:00:00	2021-07-11 20:30:00
9e3015acf41e43318c712811789f4608	8834cafa0b904865942a5dea137fa899	0000000	c041af1c6c054239b1ef48893424179a	2021-09-20 03:00:00	2021-09-20 15:00:00
8acc4d9a7b43434c970c4fc3a34d18af	8834cafa0b904865942a5dea137fa899	0000000	ac913e530b99453896d29027f938ce82	2021-10-05 01:00:00	2021-10-05 15:30:00
15d26a3b7b6e4836ba57f73ca87320fc	2640b3c542164f52be8073c1efa59885	0101011	4b505dac9e554d63b65a42be0e7ccfb0	2021-06-05 07:30:00	2021-07-26 16:30:00
63d8f6a7387f4a698ea9bd4be970b703	2640b3c542164f52be8073c1efa59885	1001111	86e5bcfef5a34e98a8204f5c791c3949	2021-02-01 02:30:00	2021-03-02 12:00:00
35067e78f6c64586b2ee37d04ac5b0b3	2640b3c542164f52be8073c1efa59885	0111001	522ff4c24a5046f998eed4a0296f4016	2021-07-25 09:30:00	2021-08-16 19:30:00
fbc657671dee42789cc24aef9801f2f5	2640b3c542164f52be8073c1efa59885	0011011	2df60f68d6cf4ccfbec7e48d6c691a37	2021-04-10 06:30:00	2021-05-03 11:30:00
9e3015acf41e43318c712811789f4608	13637517bff842b4b622680197701aa1	1010010	115753d2fbd14e29b4eefcc8a5b7688d	2021-05-07 00:30:00	2021-07-25 20:00:00
15d26a3b7b6e4836ba57f73ca87320fc	13637517bff842b4b622680197701aa1	0001101	695d39d0a6824412a987bc38462e36cc	2021-06-06 00:00:00	2021-07-02 20:30:00
63d8f6a7387f4a698ea9bd4be970b703	13637517bff842b4b622680197701aa1	1110101	40e7a59914c440439f18e667223f865b	2021-02-06 06:00:00	2021-04-20 12:00:00
080073e052d044c2aa0f2a9aa0af6e18	13637517bff842b4b622680197701aa1	0111111	4e6c3b4b47da4f50ac815895719d1414	2021-05-16 03:30:00	2021-07-19 17:00:00
fbc657671dee42789cc24aef9801f2f5	13637517bff842b4b622680197701aa1	0011010	b7d3f3c2fbc74768b55d5aa1e72a8131	2021-07-10 08:00:00	2021-08-09 16:00:00
66596491aa40439f8d9e4de3b78167df	c4b5cc01c43e423d9e0d7d9c7cbf218d	0101111	c6afc5db79714ee987bc1c8e36ae8f05	2021-04-05 03:30:00	2021-07-16 20:00:00
35067e78f6c64586b2ee37d04ac5b0b3	c4b5cc01c43e423d9e0d7d9c7cbf218d	1111101	37db680deb664d059de03511a6ad92a8	2021-03-19 04:30:00	2021-06-19 16:00:00
080073e052d044c2aa0f2a9aa0af6e18	c4b5cc01c43e423d9e0d7d9c7cbf218d	0111011	515f63a7ea274fa382486b0cae2c3387	2021-03-10 09:00:00	2021-06-21 19:00:00
544df2da00a64823a694d1a0e3a37dd1	c4b5cc01c43e423d9e0d7d9c7cbf218d	1000101	aee85c668be04461a13e4e48f5f79845	2021-05-25 02:30:00	2021-06-10 16:30:00
24885c35ebcf44f4ab6f2c8729805bcb	c4b5cc01c43e423d9e0d7d9c7cbf218d	1101110	2a2e8c96dea144039f5591a996470490	2021-02-23 01:30:00	2021-03-19 20:00:00
929b6d082d284741b34ec405557b6165	82bf84edcb614b549d4cd7efdd4d7f51	0100001	2c8658a559e743049d6ff26f73d8af02	2021-06-16 04:30:00	2021-07-28 18:30:00
fbc657671dee42789cc24aef9801f2f5	82bf84edcb614b549d4cd7efdd4d7f51	1100101	8fd303f76a324a6b92d10ebc43f7231a	2021-02-08 07:00:00	2021-03-08 16:30:00
66596491aa40439f8d9e4de3b78167df	82bf84edcb614b549d4cd7efdd4d7f51	0011011	0c768ea9b9b846619189de22b23b2dee	2021-04-19 06:30:00	2021-06-24 13:00:00
5ed2a2c9262c4659978c7f253139ca99	82bf84edcb614b549d4cd7efdd4d7f51	0001111	a6dde5ca9e4e45f0a6365fb0ad6b3efa	2021-07-08 04:00:00	2021-09-02 11:00:00
8acc4d9a7b43434c970c4fc3a34d18af	01b0f9b796294181b2d4e6fab67b6330	0100100	c41be7b9fd3e4260b204f9d6069d21cb	2021-06-08 08:00:00	2021-07-23 12:00:00
35067e78f6c64586b2ee37d04ac5b0b3	01b0f9b796294181b2d4e6fab67b6330	1101100	e35362ac2bc2433a9e3ab239ffe00bff	2021-07-21 04:00:00	2021-09-23 20:30:00
fbc657671dee42789cc24aef9801f2f5	01b0f9b796294181b2d4e6fab67b6330	0111101	d5a4d99cc9f64221a85102b23b7652ef	2021-07-17 05:00:00	2021-08-12 18:30:00
dd0cc2ac37134a0fa463421c587ddcfe	01b0f9b796294181b2d4e6fab67b6330	0111010	5d4730b9588a4a6ba4682ae7b4bcc8c6	2021-03-11 04:00:00	2021-04-27 13:30:00
929b6d082d284741b34ec405557b6165	01b0f9b796294181b2d4e6fab67b6330	0110100	95e4220d4214467b9abc146b827f46a2	2021-03-09 02:30:00	2021-04-05 12:00:00
929b6d082d284741b34ec405557b6165	1f3c11d061a2484eab748f5e88d7aa4b	1001110	df5b9cfe988a44e992c7e99f2a673947	2021-04-05 02:00:00	2021-06-14 14:00:00
35067e78f6c64586b2ee37d04ac5b0b3	1f3c11d061a2484eab748f5e88d7aa4b	1010000	73734c9f901240048c080c9d7365cbeb	2021-06-28 07:00:00	2021-07-06 11:30:00
5ed2a2c9262c4659978c7f253139ca99	1f3c11d061a2484eab748f5e88d7aa4b	1001010	06569fe3a08c4722ac6f03b7cd425e21	2021-05-27 03:00:00	2021-06-08 12:30:00
dd0cc2ac37134a0fa463421c587ddcfe	1f3c11d061a2484eab748f5e88d7aa4b	0110100	ccf23a8d8cb84d3aad1665f2a2526994	2021-02-07 08:30:00	2021-04-21 12:00:00
66596491aa40439f8d9e4de3b78167df	53388f3866c64db5865ae778d35d5507	1101110	bf97c6e1f1854bc0b8e0a22461fdeada	2021-06-17 07:00:00	2021-07-06 20:00:00
63d8f6a7387f4a698ea9bd4be970b703	53388f3866c64db5865ae778d35d5507	1001111	23fdc03dafdb4ff09beabff84a04636b	2021-03-18 09:30:00	2021-06-13 12:00:00
24885c35ebcf44f4ab6f2c8729805bcb	53388f3866c64db5865ae778d35d5507	0011110	7db142a23fdb4bb4a8885813224a108f	2021-04-16 09:30:00	2021-06-21 18:00:00
8acc4d9a7b43434c970c4fc3a34d18af	53388f3866c64db5865ae778d35d5507	1101101	bb3e1f6daa6f4a96a2e35697cfb749ad	2021-07-01 00:30:00	2021-10-02 17:30:00
9e3015acf41e43318c712811789f4608	53388f3866c64db5865ae778d35d5507	1110010	97b1b75f558e48b194d0da4845f4f58f	2021-03-23 01:30:00	2021-06-12 17:30:00
24885c35ebcf44f4ab6f2c8729805bcb	f5d10093a1bc42aaa572866f53c8f015	0010000	d06cd3ae1cab4aaa8dd5137a5dca6fd6	2021-03-11 00:00:00	2021-04-13 20:30:00
5ed2a2c9262c4659978c7f253139ca99	f5d10093a1bc42aaa572866f53c8f015	0011001	7998b6eff38d424dbeee0370ef25abeb	2021-04-17 02:00:00	2021-06-14 11:00:00
66596491aa40439f8d9e4de3b78167df	f5d10093a1bc42aaa572866f53c8f015	1100010	b1aa0aed990b4e1d99c02edab562bdcb	2021-07-20 02:00:00	2021-08-09 20:30:00
35067e78f6c64586b2ee37d04ac5b0b3	f5d10093a1bc42aaa572866f53c8f015	0001111	36288b133e804445b36e15309e355c94	2021-03-10 07:00:00	2021-05-18 14:00:00
fbc657671dee42789cc24aef9801f2f5	49b6956075fd4a0bb1e99a952c514c25	1101100	286e0a59577048bca61a724cf81b5c0c	2021-06-03 01:30:00	2021-08-11 19:00:00
9e3015acf41e43318c712811789f4608	49b6956075fd4a0bb1e99a952c514c25	1010001	34d6f891bf994da8ab7598fb55e6f11f	2021-06-23 00:00:00	2021-07-15 17:00:00
dd0cc2ac37134a0fa463421c587ddcfe	49b6956075fd4a0bb1e99a952c514c25	1110000	c1ceec6625a04dca8cfffcbec8d49b8b	2021-07-28 07:30:00	2021-09-02 14:00:00
929b6d082d284741b34ec405557b6165	49b6956075fd4a0bb1e99a952c514c25	0100011	9faa7dffe170491fb439f2db510e6369	2021-07-01 07:30:00	2021-08-19 20:30:00
929b6d082d284741b34ec405557b6165	3277984aaf834582a1a07f6ffc0bcc48	0011001	3d38ea8c3eb9438a892f1087f73df10d	2021-03-06 03:00:00	2021-06-12 14:30:00
24885c35ebcf44f4ab6f2c8729805bcb	3277984aaf834582a1a07f6ffc0bcc48	1000110	b5541f8ff81f4923bde6d85299989b7b	2021-06-11 01:30:00	2021-08-04 12:00:00
63d8f6a7387f4a698ea9bd4be970b703	3277984aaf834582a1a07f6ffc0bcc48	0001000	e4eee5e199364a9abed8bcd96b8947f6	2021-05-17 00:30:00	2021-07-09 15:30:00
544df2da00a64823a694d1a0e3a37dd1	3277984aaf834582a1a07f6ffc0bcc48	0001011	226eaae95933420b9fac71bebaa0ad95	2021-02-11 04:30:00	2021-05-27 13:00:00
080073e052d044c2aa0f2a9aa0af6e18	3277984aaf834582a1a07f6ffc0bcc48	0001011	8fde5fdb30574ac4b7536b3cae4a5d05	2021-07-06 01:00:00	2021-10-23 18:00:00
dd0cc2ac37134a0fa463421c587ddcfe	f09aec7ab42d449286097ab358e4c82d	1101110	1a42830bfe204158a4c5b09b168ad8b0	2021-05-08 00:30:00	2021-08-25 15:00:00
66596491aa40439f8d9e4de3b78167df	f09aec7ab42d449286097ab358e4c82d	0111101	9014d376493f4702b11a1c3d735e2c70	2021-04-21 03:00:00	2021-07-22 17:30:00
15d26a3b7b6e4836ba57f73ca87320fc	f09aec7ab42d449286097ab358e4c82d	0111110	3bfa83f0b51a484cb1afa303a99b95d1	2021-03-12 03:30:00	2021-05-18 13:00:00
fbc657671dee42789cc24aef9801f2f5	f09aec7ab42d449286097ab358e4c82d	1101000	4061c1541f014e989fc3aa9cb59383b5	2021-03-25 01:00:00	2021-04-27 18:30:00
35067e78f6c64586b2ee37d04ac5b0b3	4e66448df6ce45579d5328a179739d17	1100001	35bb1f86906d449796df5c646e7df6fa	2021-07-02 02:30:00	2021-08-07 16:30:00
fbc657671dee42789cc24aef9801f2f5	4e66448df6ce45579d5328a179739d17	1010001	bb7144db7cd0434e8ba45e380383d955	2021-04-02 08:00:00	2021-07-26 20:30:00
24885c35ebcf44f4ab6f2c8729805bcb	4e66448df6ce45579d5328a179739d17	0100111	f4d052c4318b407baacbe8eecce97fa3	2021-04-17 06:00:00	2021-06-04 12:00:00
15d26a3b7b6e4836ba57f73ca87320fc	4e66448df6ce45579d5328a179739d17	1001000	9e7d3a81bf72481296a858ddb05a1a73	2021-03-11 01:00:00	2021-04-27 20:00:00
080073e052d044c2aa0f2a9aa0af6e18	4e66448df6ce45579d5328a179739d17	1111000	948de1b461cc42b1ade6b6c3efc74081	2021-05-28 03:30:00	2021-07-19 13:30:00
24885c35ebcf44f4ab6f2c8729805bcb	0daf05c1e5c2454ab92e1e66426944f8	0000110	427aca8a158349b181d649c50dec3c21	2021-06-15 02:30:00	2021-09-19 16:30:00
9e3015acf41e43318c712811789f4608	0daf05c1e5c2454ab92e1e66426944f8	0001110	53225ae3a47b4263b253eb446ec123f0	2021-05-20 08:00:00	2021-08-23 14:00:00
35067e78f6c64586b2ee37d04ac5b0b3	0daf05c1e5c2454ab92e1e66426944f8	1000100	40bc6f9bf95f4a5b94d26b87b06ab307	2021-04-22 08:00:00	2021-07-12 12:30:00
66596491aa40439f8d9e4de3b78167df	0daf05c1e5c2454ab92e1e66426944f8	0101101	60b770fa3348401aa72d62fd073eed32	2021-07-26 08:00:00	2021-08-08 16:00:00
929b6d082d284741b34ec405557b6165	0daf05c1e5c2454ab92e1e66426944f8	0111001	676c02e2b2824b5185754d23a72d6e2b	2021-02-14 05:00:00	2021-04-25 20:00:00
929b6d082d284741b34ec405557b6165	7f4a90e4cd4c4e26be0d6354cbe57908	0010000	aeb04b2b66b64ecea0c0440e37006954	2021-06-17 04:00:00	2021-08-25 19:30:00
080073e052d044c2aa0f2a9aa0af6e18	7f4a90e4cd4c4e26be0d6354cbe57908	0010110	f2dc44f88c1d477a85e662cadce8eb4f	2021-02-08 06:30:00	2021-05-28 11:00:00
63d8f6a7387f4a698ea9bd4be970b703	7f4a90e4cd4c4e26be0d6354cbe57908	0100111	7c4e0f41bd50416989bf036e663ce480	2021-07-05 00:30:00	2021-08-12 14:00:00
fbc657671dee42789cc24aef9801f2f5	7f4a90e4cd4c4e26be0d6354cbe57908	0110101	46fdaf547e2243d9a626cd4b90181357	2021-04-21 04:00:00	2021-07-22 13:30:00
929b6d082d284741b34ec405557b6165	39e311af006a4e76a72a6c3a28d2293f	0110000	1f5e42831abd4e07b856b7e8d54304e2	2021-07-08 05:30:00	2021-09-22 20:30:00
5ed2a2c9262c4659978c7f253139ca99	39e311af006a4e76a72a6c3a28d2293f	0111110	b06ff6e04ad64d4183e1235d018f5075	2021-07-25 05:00:00	2021-09-10 13:30:00
66596491aa40439f8d9e4de3b78167df	39e311af006a4e76a72a6c3a28d2293f	1101010	9a9219f1135445968f2070266ad24c2b	2021-05-27 07:30:00	2021-06-07 12:30:00
080073e052d044c2aa0f2a9aa0af6e18	6cd6ec6fb7a947579496679d62045032	0011000	60069e4e4acd42eba1b3988e658efa86	2021-06-09 03:30:00	2021-07-17 18:30:00
15d26a3b7b6e4836ba57f73ca87320fc	6cd6ec6fb7a947579496679d62045032	1000001	9640f8ea115b4814a9e2ab2a18f85c55	2021-06-09 01:00:00	2021-08-23 19:00:00
544df2da00a64823a694d1a0e3a37dd1	6cd6ec6fb7a947579496679d62045032	1010110	f44f56a638d1441a93b2fed22bc0277a	2021-04-18 02:00:00	2021-06-01 11:00:00
5ed2a2c9262c4659978c7f253139ca99	6cd6ec6fb7a947579496679d62045032	0010000	23f5b577959a4ce5befb9fcba0ffd5c3	2021-06-08 04:30:00	2021-07-08 18:00:00
63d8f6a7387f4a698ea9bd4be970b703	bd59b1f317204cca9d4bab4904b2bcd5	1001111	8906f28b1d1a453789d33a1f9d619e0e	2021-02-07 04:00:00	2021-04-06 11:30:00
35067e78f6c64586b2ee37d04ac5b0b3	bd59b1f317204cca9d4bab4904b2bcd5	0101101	6a3f451dccd44ac6b4f901561ad6380f	2021-02-18 05:00:00	2021-03-10 11:00:00
9e3015acf41e43318c712811789f4608	bd59b1f317204cca9d4bab4904b2bcd5	1100000	bf160e56936d4fb8a156a1b8c55b4607	2021-07-16 01:00:00	2021-10-19 15:00:00
dd0cc2ac37134a0fa463421c587ddcfe	bd59b1f317204cca9d4bab4904b2bcd5	1010110	3b87e9b529c946bab4b44388dfb3bce6	2021-04-02 08:00:00	2021-06-05 12:00:00
66596491aa40439f8d9e4de3b78167df	bd59b1f317204cca9d4bab4904b2bcd5	0110000	df7c6179c2a54a28a1968e87a5313fc5	2021-05-10 01:00:00	2021-07-15 18:00:00
5ed2a2c9262c4659978c7f253139ca99	c5357362b2ba48be8c111dd7f5cf2f91	0100010	7547c117af9d427ab03d1bb9853d6f58	2021-05-02 08:30:00	2021-08-17 16:00:00
24885c35ebcf44f4ab6f2c8729805bcb	c5357362b2ba48be8c111dd7f5cf2f91	0010001	0ca82e3d0ddd458ca09e18fb57ac3eed	2021-05-07 09:30:00	2021-07-19 19:00:00
544df2da00a64823a694d1a0e3a37dd1	c5357362b2ba48be8c111dd7f5cf2f91	0101111	407ce7fd440d4f76a2c817c0c6613d19	2021-03-25 08:00:00	2021-06-21 11:00:00
66596491aa40439f8d9e4de3b78167df	c5357362b2ba48be8c111dd7f5cf2f91	0010101	0d363b88576a493c98ee8736996c0ad5	2021-06-27 02:00:00	2021-07-25 20:30:00
9e3015acf41e43318c712811789f4608	aba49d54ebd141fe99e4ef894cf0affb	1110000	f381ec91036b4ff49bd1cbf198ce8804	2021-04-08 00:00:00	2021-05-26 19:30:00
dd0cc2ac37134a0fa463421c587ddcfe	aba49d54ebd141fe99e4ef894cf0affb	0110100	05bad9c3f4314a77a8017835915e6f77	2021-06-04 00:30:00	2021-08-12 13:00:00
24885c35ebcf44f4ab6f2c8729805bcb	aba49d54ebd141fe99e4ef894cf0affb	0001110	84ace644fe7a4d6989a70562a055a9c8	2021-03-18 00:30:00	2021-06-04 19:30:00
66596491aa40439f8d9e4de3b78167df	aba49d54ebd141fe99e4ef894cf0affb	0010111	0e3082d9f0d746719dfb0331cc701753	2021-04-28 05:30:00	2021-07-21 12:30:00
544df2da00a64823a694d1a0e3a37dd1	1ff07001acf64f07a6c29a66f687cd68	0000010	ee9731a63d02477697130277b58d7d89	2021-05-23 00:00:00	2021-08-28 12:30:00
24885c35ebcf44f4ab6f2c8729805bcb	1ff07001acf64f07a6c29a66f687cd68	0001011	18ab5f8075a74a28a8d6ffd221d5c794	2021-03-04 09:00:00	2021-04-14 18:00:00
5ed2a2c9262c4659978c7f253139ca99	1ff07001acf64f07a6c29a66f687cd68	0010000	0e68ca2dc8654c3c9d95e795c0c7be0d	2021-04-26 08:00:00	2021-07-10 19:00:00
15d26a3b7b6e4836ba57f73ca87320fc	1ff07001acf64f07a6c29a66f687cd68	0001111	1483f433571a40078a480ef5d3dc3b4c	2021-02-11 00:30:00	2021-03-06 13:30:00
544df2da00a64823a694d1a0e3a37dd1	8834cafa0b904865942a5dea137fa899	1100100	e33c5bce2ab141cd968d02d450160426	2021-03-05 03:00:00	2021-04-08 11:00:00
fbc657671dee42789cc24aef9801f2f5	8834cafa0b904865942a5dea137fa899	1001110	7d120d9b90d74cc692f0981acacf0bda	2021-04-27 08:30:00	2021-06-14 11:30:00
dd0cc2ac37134a0fa463421c587ddcfe	1f3c11d061a2484eab748f5e88d7aa4b	0000000	6884fa606f714efa85d0ec57f7480749	2021-01-15 07:30:00	2021-01-15 09:30:00
dd0cc2ac37134a0fa463421c587ddcfe	f09aec7ab42d449286097ab358e4c82d	0000000	e45ee0fc3f614051a6575794ec880297	2021-01-21 14:30:00	2021-01-21 16:30:00
dd0cc2ac37134a0fa463421c587ddcfe	1f3c11d061a2484eab748f5e88d7aa4b	0000000	7e90aa439425400ba1dd9f25261ac0b8	2021-01-15 14:30:00	2021-01-15 15:00:00
dd0cc2ac37134a0fa463421c587ddcfe	1f3c11d061a2484eab748f5e88d7aa4b	0111000	49b9854ea65e400c892a832545b9d240	2021-01-15 07:30:00	2021-02-15 09:30:00
dd0cc2ac37134a0fa463421c587ddcfe	1f3c11d061a2484eab748f5e88d7aa4b	1111111	022bd67eb20f43b1a1ebd97b8df5a9db	2021-01-15 00:00:00	2021-02-15 23:59:00
\.


--
-- TOC entry 3903 (class 0 OID 8393307)
-- Dependencies: 206
-- Data for Name: vehicle; Type: TABLE DATA; Schema: public; Owner: icfjttdivtiins
--

COPY public.vehicle (registration_number, person_uuid) FROM stdin;
xx443xx	15d26a3b7b6e4836ba57f73ca87320fc
tr432xz	929b6d082d284741b34ec405557b6165
yt777re	544df2da00a64823a694d1a0e3a37dd1
ZG4567AA	dd0cc2ac37134a0fa463421c587ddcfe
ČK123CC	544df2da00a64823a694d1a0e3a37dd1
ST365AC	35067e78f6c64586b2ee37d04ac5b0b3
DU222TZ	35067e78f6c64586b2ee37d04ac5b0b3
ZD824JK	66596491aa40439f8d9e4de3b78167df
RI221UL	8acc4d9a7b43434c970c4fc3a34d18af
RI1282CC	8acc4d9a7b43434c970c4fc3a34d18af
ZD2222RT	8acc4d9a7b43434c970c4fc3a34d18af
ZG098ZZ	9e3015acf41e43318c712811789f4608
Zd444Ac	fbc657671dee42789cc24aef9801f2f5
PU1234AB	63d8f6a7387f4a698ea9bd4be970b703
RI4562ZZ	63d8f6a7387f4a698ea9bd4be970b703
fa150tt	929b6d082d284741b34ec405557b6165
ZG1245BG	080073e052d044c2aa0f2a9aa0af6e18
aa497aa	5ed2a2c9262c4659978c7f253139ca99
aa213gg	5ed2a2c9262c4659978c7f253139ca99
PU1234AB	24885c35ebcf44f4ab6f2c8729805bcb
RI4562ZZ	24885c35ebcf44f4ab6f2c8729805bcb
\.


--
-- TOC entry 3752 (class 2606 OID 9124588)
-- Name: administrator administrator_pk; Type: CONSTRAINT; Schema: public; Owner: icfjttdivtiins
--

ALTER TABLE ONLY public.administrator
    ADD CONSTRAINT administrator_pk PRIMARY KEY (administrator_uuid);


--
-- TOC entry 3738 (class 2606 OID 8442194)
-- Name: app_user app_user_email_un; Type: CONSTRAINT; Schema: public; Owner: icfjttdivtiins
--

ALTER TABLE ONLY public.app_user
    ADD CONSTRAINT app_user_email_un UNIQUE (email);


--
-- TOC entry 3740 (class 2606 OID 8442950)
-- Name: app_user app_user_oib_un; Type: CONSTRAINT; Schema: public; Owner: icfjttdivtiins
--

ALTER TABLE ONLY public.app_user
    ADD CONSTRAINT app_user_oib_un UNIQUE (oib);


--
-- TOC entry 3742 (class 2606 OID 8787660)
-- Name: app_user app_user_uuid_pk; Type: CONSTRAINT; Schema: public; Owner: icfjttdivtiins
--

ALTER TABLE ONLY public.app_user
    ADD CONSTRAINT app_user_uuid_pk PRIMARY KEY (user_uuid);


--
-- TOC entry 3746 (class 2606 OID 10476504)
-- Name: company company_name_un; Type: CONSTRAINT; Schema: public; Owner: icfjttdivtiins
--

ALTER TABLE ONLY public.company
    ADD CONSTRAINT company_name_un UNIQUE (name);


--
-- TOC entry 3748 (class 2606 OID 9124586)
-- Name: company company_pk; Type: CONSTRAINT; Schema: public; Owner: icfjttdivtiins
--

ALTER TABLE ONLY public.company
    ADD CONSTRAINT company_pk PRIMARY KEY (company_uuid);


--
-- TOC entry 3750 (class 2606 OID 10475751)
-- Name: company company_un; Type: CONSTRAINT; Schema: public; Owner: icfjttdivtiins
--

ALTER TABLE ONLY public.company
    ADD CONSTRAINT company_un UNIQUE (headquarter_address);


--
-- TOC entry 3759 (class 2606 OID 10477176)
-- Name: parking_object parking_object_address_un; Type: CONSTRAINT; Schema: public; Owner: icfjttdivtiins
--

ALTER TABLE ONLY public.parking_object
    ADD CONSTRAINT parking_object_address_un UNIQUE (address);


--
-- TOC entry 3761 (class 2606 OID 10477178)
-- Name: parking_object parking_object_name_un; Type: CONSTRAINT; Schema: public; Owner: icfjttdivtiins
--

ALTER TABLE ONLY public.parking_object
    ADD CONSTRAINT parking_object_name_un UNIQUE (object_name);


--
-- TOC entry 3763 (class 2606 OID 9171225)
-- Name: parking_object parking_object_pkey; Type: CONSTRAINT; Schema: public; Owner: icfjttdivtiins
--

ALTER TABLE ONLY public.parking_object
    ADD CONSTRAINT parking_object_pkey PRIMARY KEY (object_uuid);


--
-- TOC entry 3744 (class 2606 OID 9124584)
-- Name: person person_pk; Type: CONSTRAINT; Schema: public; Owner: icfjttdivtiins
--

ALTER TABLE ONLY public.person
    ADD CONSTRAINT person_pk PRIMARY KEY (person_uuid);


--
-- TOC entry 3757 (class 2606 OID 10847113)
-- Name: reservation reservation_pk; Type: CONSTRAINT; Schema: public; Owner: icfjttdivtiins
--

ALTER TABLE ONLY public.reservation
    ADD CONSTRAINT reservation_pk PRIMARY KEY (reservation_uuid);


--
-- TOC entry 3755 (class 2606 OID 9124395)
-- Name: vehicle vehicle_pk; Type: CONSTRAINT; Schema: public; Owner: icfjttdivtiins
--

ALTER TABLE ONLY public.vehicle
    ADD CONSTRAINT vehicle_pk PRIMARY KEY (registration_number, person_uuid);


--
-- TOC entry 3753 (class 1259 OID 9124444)
-- Name: vehicle_owner_uuid_idx; Type: INDEX; Schema: public; Owner: icfjttdivtiins
--

CREATE INDEX vehicle_owner_uuid_idx ON public.vehicle USING btree (person_uuid);


--
-- TOC entry 3772 (class 2620 OID 11058315)
-- Name: reservation reservation_add_trigger; Type: TRIGGER; Schema: public; Owner: icfjttdivtiins
--

CREATE TRIGGER reservation_add_trigger BEFORE INSERT OR UPDATE ON public.reservation FOR EACH ROW EXECUTE FUNCTION public.reservation_add();


--
-- TOC entry 3771 (class 2620 OID 11005092)
-- Name: vehicle vehicle_delete; Type: TRIGGER; Schema: public; Owner: icfjttdivtiins
--

CREATE TRIGGER vehicle_delete BEFORE DELETE ON public.vehicle FOR EACH ROW EXECUTE FUNCTION public.vehicle_delete();


--
-- TOC entry 3766 (class 2606 OID 9171299)
-- Name: administrator fk_administrator_app_user; Type: FK CONSTRAINT; Schema: public; Owner: icfjttdivtiins
--

ALTER TABLE ONLY public.administrator
    ADD CONSTRAINT fk_administrator_app_user FOREIGN KEY (administrator_uuid) REFERENCES public.app_user(user_uuid) ON UPDATE CASCADE ON DELETE CASCADE;


--
-- TOC entry 3765 (class 2606 OID 9171294)
-- Name: company fk_company_app_user; Type: FK CONSTRAINT; Schema: public; Owner: icfjttdivtiins
--

ALTER TABLE ONLY public.company
    ADD CONSTRAINT fk_company_app_user FOREIGN KEY (company_uuid) REFERENCES public.app_user(user_uuid) ON UPDATE CASCADE ON DELETE CASCADE;


--
-- TOC entry 3770 (class 2606 OID 9171275)
-- Name: parking_object fk_parking_object_company; Type: FK CONSTRAINT; Schema: public; Owner: icfjttdivtiins
--

ALTER TABLE ONLY public.parking_object
    ADD CONSTRAINT fk_parking_object_company FOREIGN KEY (company_uuid) REFERENCES public.company(company_uuid) ON UPDATE CASCADE ON DELETE CASCADE;


--
-- TOC entry 3764 (class 2606 OID 9171289)
-- Name: person fk_person_app_user; Type: FK CONSTRAINT; Schema: public; Owner: icfjttdivtiins
--

ALTER TABLE ONLY public.person
    ADD CONSTRAINT fk_person_app_user FOREIGN KEY (person_uuid) REFERENCES public.app_user(user_uuid) ON UPDATE CASCADE ON DELETE CASCADE;


--
-- TOC entry 3768 (class 2606 OID 9171265)
-- Name: reservation fk_reservation_parking_object; Type: FK CONSTRAINT; Schema: public; Owner: icfjttdivtiins
--

ALTER TABLE ONLY public.reservation
    ADD CONSTRAINT fk_reservation_parking_object FOREIGN KEY (object_uuid) REFERENCES public.parking_object(object_uuid) ON UPDATE CASCADE ON DELETE CASCADE;


--
-- TOC entry 3767 (class 2606 OID 9171281)
-- Name: vehicle fk_vehicle_person; Type: FK CONSTRAINT; Schema: public; Owner: icfjttdivtiins
--

ALTER TABLE ONLY public.vehicle
    ADD CONSTRAINT fk_vehicle_person FOREIGN KEY (person_uuid) REFERENCES public.person(person_uuid) ON UPDATE CASCADE ON DELETE CASCADE;


--
-- TOC entry 3769 (class 2606 OID 10847252)
-- Name: reservation reservation_fk; Type: FK CONSTRAINT; Schema: public; Owner: icfjttdivtiins
--

ALTER TABLE ONLY public.reservation
    ADD CONSTRAINT reservation_fk FOREIGN KEY (person_uuid) REFERENCES public.person(person_uuid) ON UPDATE CASCADE ON DELETE CASCADE;


--
-- TOC entry 3912 (class 0 OID 0)
-- Dependencies: 3
-- Name: SCHEMA public; Type: ACL; Schema: -; Owner: icfjttdivtiins
--

REVOKE ALL ON SCHEMA public FROM postgres;
REVOKE ALL ON SCHEMA public FROM PUBLIC;
GRANT ALL ON SCHEMA public TO icfjttdivtiins;
GRANT ALL ON SCHEMA public TO PUBLIC;


--
-- TOC entry 3913 (class 0 OID 0)
-- Dependencies: 651
-- Name: LANGUAGE plpgsql; Type: ACL; Schema: -; Owner: postgres
--

GRANT ALL ON LANGUAGE plpgsql TO icfjttdivtiins;


-- Completed on 2021-01-14 20:07:45

--
-- PostgreSQL database dump complete
--

